INSERT INTO user(email, password, role)
VALUES ("a@a.com", "$2a$10$Fpc/zCciK4CwnYR6.YFSAuXNjrYDk7brys.s.V/KcoUuLQ6ElY8q2", "ADMIN"),
       ("b@b.com", "$2a$10$Fpc/zCciK4CwnYR6.YFSAuXNjrYDk7brys.s.V/KcoUuLQ6ElY8q2", "BORROWER"),
       ("c@c.com", "$2a$10$Fpc/zCciK4CwnYR6.YFSAuXNjrYDk7brys.s.V/KcoUuLQ6ElY8q2", "TECH"),
       ("d@d.com", "$2a$10$Fpc/zCciK4CwnYR6.YFSAuXNjrYDk7brys.s.V/KcoUuLQ6ElY8q2", "TECH");

INSERT INTO borrower (id, first_name, last_name, email, telephone, Company)
VALUES (1, 'Blinnie', 'Masson', 'bmasson0@reuters.com', '3545060294', 'Kimia'),
       (2, 'Dorice', 'Eveleigh', 'develeigh1@artisteer.com', '4176416080', 'Thoughtbridge'),
       (3, 'Nev', 'Janes', 'njanes2@google.de', '1831412879', 'Viva'),
       (4, 'Shelby', 'Jacobowitz', 'sjacobowitz3@biblegateway.com', '2992248048', 'Jatri'),
       (5, 'Dorine', 'Pelling', 'dpelling4@liveinternet.ru', '5872213454', 'Zoomdog'),
       (6, 'Cassandra', 'Shallow', 'cshallow5@privacy.gov.au', '8963781719', 'Quire'),
       (7, 'Von', 'Basford', 'vbasford6@delicious.com', '5323438841', 'Vinder'),
       (8, 'Ilario', 'Gouch', 'igouch7@baidu.com', '7311481673', 'Photospace'),
       (9, 'Nolly', 'Moryson', 'nmoryson8@wikia.com', '9366133051', 'Roomm'),
       (10, 'Gwendolyn', 'Melwall', 'gmelwall9@shop-pro.jp', '2038823279', 'Quinu'),
       (11, 'Gaynor', 'Nizard', 'gnizarda@marriott.com', '3818108350', 'Fatz'),
       (12, 'Tiertza', 'Medlicott', 'tmedlicottb@omniture.com', '7278295631', 'Quatz'),
       (13, 'Abbye', 'Deaville', 'adeavillec@xinhuanet.com', '2226088215', 'Topiczoom'),
       (14, 'Frederich', 'Snaddon', 'fsnaddond@telegraph.co.uk', '1769963388', 'Voonyx'),
       (15, 'Emelda', 'Leser', 'elesere@amazon.com', '9861708051', 'Skalith'),
       (16, 'Hamilton', 'Kettell', 'hkettellf@mlb.com', '4841786335', 'Jamia'),
       (17, 'Tiffie', 'Theriot', 'ttheriotg@pinterest.com', '2879197265', 'Mydeo'),
       (18, 'Cecilla', 'Catterick', 'ccatterickh@is.gd', '6014224785', 'Oyoloo'),
       (19, 'Analise', 'Measey', 'ameaseyi@stanford.edu', '8479075240', 'Midel'),
       (20, 'Kippar', 'Kittle', 'kkittlej@google.com.au', '9933306102', 'Avavee'),
       (21, 'Luther', 'Vibert', 'lvibertk@twitter.com', '4203038392', 'Voolia'),
       (22, 'Janice', 'Shepperd', 'jshepperdl@miibeian.gov.cn', '3399196963', 'Geba'),
       (23, 'Korella', 'Tillman', 'ktillmanm@w3.org', '7608062562', 'Feedfire'),
       (24, 'Jacqui', 'Iacomelli', 'jiacomellin@hp.com', '1045285564', 'Gigashots'),
       (25, 'Willabella', 'Wandrack', 'wwandracko@pbs.org', '8006028329', 'Babbleblab'),
       (26, 'Lay', 'Tulk', 'ltulkp@constantcontact.com', '1158588410', 'Gigaclub'),
       (27, 'Zebulen', 'Smidmore', 'zsmidmoreq@psu.edu', '3374747701', 'Browseblab'),
       (28, 'Fern', 'Glentz', 'fglentzr@lycos.com', '9692823442', 'Camido'),
       (29, 'Kalie', 'Acomb', 'kacombs@washington.edu', '8957970263', 'Kwinu'),
       (30, 'Rosina', 'Womersley', 'rwomersleyt@washingtonpost.com', '3748921829', 'Oyope'),
       (31, 'Alyosha', 'Bever', 'abeveru@ca.gov', '5156912506', 'Quinu'),
       (32, 'Alejoa', 'Kibbe', 'akibbev@wix.com', '2215982681', 'Mydo'),
       (33, 'Erasmus', 'Gawthorpe', 'egawthorpew@boston.com', '8847740563', 'Shuffletag'),
       (34, 'Shaughn', 'Scotchforth', 'sscotchforthx@bing.com', '8645513362', 'Riffpedia'),
       (35, 'Rab', 'Flux', 'rfluxy@wix.com', '8396510994', 'Youspan'),
       (36, 'Ellary', 'Christin', 'echristinz@google.it', '5726809753', 'Fliptune'),
       (37, 'Jacquelyn', 'Rainon', 'jrainon10@harvard.edu', '9043455254', 'Gevee'),
       (38, 'Conchita', 'Dulanty', 'cdulanty11@tripadvisor.com', '4712194781', 'Thoughtbridge'),
       (39, 'Brannon', 'Flacke', 'bflacke12@dedecms.com', '6659669269', 'Jabbercube'),
       (40, 'Reynard', 'Tonbye', 'rtonbye13@de.vu', '6091514685', 'Skyvu'),
       (41, 'Brendin', 'Yarrell', 'byarrell14@cnet.com', '3282007738', 'Voolia'),
       (42, 'Brady', 'Luscott', 'bluscott15@ocn.ne.jp', '6756619404', 'Youfeed'),
       (43, 'Bobbe', 'Huyhton', 'bhuyhton16@google.co.uk', '1067590963', 'Gigabox'),
       (44, 'Ingram', 'Toplis', 'itoplis17@kickstarter.com', '8784111284', 'Fivechat'),
       (45, 'Barnett', 'Fahey', 'bfahey18@gnu.org', '8527526896', 'Lazz'),
       (46, 'Stacia', 'Kilday', 'skilday19@nps.gov', '2847214064', 'Flipstorm'),
       (47, 'Nonah', 'Rainy', 'nrainy1a@sciencedirect.com', '4896198996', 'Mydeo'),
       (48, 'Gwendolyn', 'Caig', 'gcaig1b@technorati.com', '4624310796', 'Myworks'),
       (49, 'Angelica', 'Kalf', 'akalf1c@dailymail.co.uk', '3683143632', 'Avavee'),
       (50, 'Esra', 'Burrett', 'eburrett1d@creativecommons.org', '1549342619', 'Thoughtbridge'),
       (51, 'Chrisse', 'Baudassi', 'cbaudassi1e@tumblr.com', '4691298093', 'Buzzbean'),
       (52, 'Griselda', 'Pach', 'gpach1f@ebay.co.uk', '8491272599', 'Mybuzz'),
       (53, 'Cherri', 'Bottom', 'cbottom1g@biblegateway.com', '3119808870', 'Digitube'),
       (54, 'Halsy', 'Posselow', 'hposselow1h@gnu.org', '7246772949', 'Tanoodle'),
       (55, 'Hyman', 'Blabie', 'hblabie1i@xrea.com', '5174343655', 'Flashpoint'),
       (56, 'Gibb', 'Olcot', 'golcot1j@123-reg.co.uk', '4517386121', 'Divavu'),
       (57, 'Johann', 'Krolman', 'jkrolman1k@apache.org', '7338359809', 'Innotype'),
       (58, 'Paulita', 'Maysor', 'pmaysor1l@tamu.edu', '1986040800', 'Linktype'),
       (59, 'Mellicent', 'Winscom', 'mwinscom1m@fastcompany.com', '9778753971', 'Browsecat'),
       (60, 'Brodie', 'Roper', 'broper1n@t.co', '7779933886', 'Oyope'),
       (61, 'Nancy', 'Mulliss', 'nmulliss1o@sakura.ne.jp', '9879038707', 'Realcube'),
       (62, 'Clywd', 'Tye', 'ctye1p@ebay.com', '2942321124', 'Innotype'),
       (63, 'Clarence', 'Dykins', 'cdykins1q@infoseek.co.jp', '2696883211', 'Jamia'),
       (64, 'Alexia', 'Voyce', 'avoyce1r@accuweather.com', '8826451339', 'Quimm'),
       (65, 'Mariel', 'Jewer', 'mjewer1s@cisco.com', '8657628549', 'Youspan'),
       (66, 'Wilbert', 'Haverty', 'whaverty1t@sohu.com', '3977355763', 'Blogspan'),
       (67, 'Karlan', 'Feares', 'kfeares1u@army.mil', '7192158852', 'Podcat'),
       (68, 'Mona', 'Houlworth', 'mhoulworth1v@histats.com', '8921715096', 'Quinu'),
       (69, 'Noelani', 'Pundy', 'npundy1w@tinyurl.com', '2341056101', 'Tagtune'),
       (70, 'Cornie', 'Shead', 'cshead1x@intel.com', '5286043442', 'Yakitri'),
       (71, 'Edna', 'Beldam', 'ebeldam1y@prweb.com', '3194491496', 'Snaptags'),
       (72, 'Holly', 'Sneath', 'hsneath1z@ihg.com', '5923938088', 'Gabvine'),
       (73, 'Flory', 'Illiston', 'filliston20@zdnet.com', '3939614814', 'Fivechat'),
       (74, 'Pearle', 'Torns', 'ptorns21@tripod.com', '9193071082', 'Ainyx'),
       (75, 'Chrisse', 'Desson', 'cdesson22@harvard.edu', '4235594220', 'Kwideo'),
       (76, 'Madelaine', 'Blacktin', 'mblacktin23@nationalgeographic.com', '4392865429', 'Pixonyx'),
       (77, 'Jeannine', 'Cullum', 'jcullum24@weather.com', '9201794749', 'Abatz'),
       (78, 'Irina', 'Emtage', 'iemtage25@mayoclinic.com', '1809681939', 'Meezzy'),
       (79, 'Cass', 'Byrd', 'cbyrd26@tuttocitta.it', '8977232266', 'Rhynoodle'),
       (80, 'Esme', 'Gambie', 'egambie27@disqus.com', '7239444261', 'Ooba'),
       (81, 'Regina', 'Torrent', 'rtorrent28@newyorker.com', '1286421619', 'Skinix'),
       (82, 'Lucine', 'Hailey', 'lhailey29@friendfeed.com', '6731770293', 'Npath'),
       (83, 'Leena', 'Dutson', 'ldutson2a@java.com', '3838685605', 'Talane'),
       (84, 'Pren', 'Ghioni', 'pghioni2b@prnewswire.com', '9828637278', 'Zoomcast'),
       (85, 'Pete', 'Petrussi', 'ppetrussi2c@yahoo.co.jp', '7262363541', 'Centimia'),
       (86, 'Quincey', 'Pain', 'qpain2d@webeden.co.uk', '1018808231', 'Eayo'),
       (87, 'Tomaso', 'Hastilow', 'thastilow2e@prlog.org', '7753330426', 'Buzzster'),
       (88, 'Cynthia', 'Freestone', 'cfreestone2f@webmd.com', '6547299156', 'Brightdog'),
       (89, 'Konstantine', 'Dami', 'kdami2g@weather.com', '1978341156', 'Devbug'),
       (90, 'Sasha', 'Arsey', 'sarsey2h@devhub.com', '6789929697', 'Ntags'),
       (91, 'Herbie', 'Mullins', 'hmullins2i@bloglovin.com', '3753081771', 'Myworks'),
       (92, 'Bernadine', 'Gummoe', 'bgummoe2j@mlb.com', '7505022771', 'Devpoint'),
       (93, 'Donavon', 'Haughan', 'dhaughan2k@marketwatch.com', '3529516878', 'Zoombeat'),
       (94, 'Brand', 'Oxbrow', 'boxbrow2l@xing.com', '6635666794', 'Voonte'),
       (95, 'Immanuel', 'Cowhig', 'icowhig2m@unblog.fr', '8681786549', 'Realcube'),
       (96, 'Jannelle', 'Riche', 'jriche2n@mysql.com', '9305621435', 'Kazio'),
       (97, 'Guglielma', 'Cambell', 'gcambell2o@nasa.gov', '2468655092', 'Buzzshare'),
       (98, 'Terrill', 'Di Pietro', 'tdipietro2p@purevolume.com', '2361604444', 'Eadel'),
       (99, 'Bonni', 'Earp', 'bearp2q@sciencedirect.com', '8072194856', 'Abata'),
       (100, 'Jasmin', 'Rozier', 'jrozier2r@github.io', '3001402635', 'Nlounge'),
       (101, 'Kizzie', 'Masson', 'kmasson2s@nih.gov', '3748071266', 'Quinu'),
       (102, 'Cad', 'Mowle', 'cmowle2t@ustream.tv', '3405259662', 'Centidel'),
       (103, 'Klara', 'Balls', 'kballs2u@stanford.edu', '8947808928', 'Twimm'),
       (104, 'Emelita', 'Faireclough', 'efaireclough2v@blog.com', '6783707587', 'Devbug'),
       (105, 'Isabella', 'Fincke', 'ifincke2w@google.de', '9278991200', 'Buzzdog'),
       (106, 'Cybil', 'Fratson', 'cfratson2x@spotify.com', '6009379505', 'Nlounge'),
       (107, 'Hally', 'Theobalds', 'htheobalds2y@latimes.com', '5967924011', 'LiveZ'),
       (108, 'Eugen', 'Cheake', 'echeake2z@ihg.com', '3985802377', 'Abatz'),
       (109, 'Claudina', 'Annell', 'cannell30@geocities.com', '2872584736', 'Shuffletag'),
       (110, 'Cathlene', 'Denniston', 'cdenniston31@mashable.com', '1288054979', 'Kazu'),
       (111, 'Angelia', 'Tison', 'atison32@walmart.com', '9414208690', 'Jabbersphere'),
       (112, 'Eduino', 'Grinnell', 'egrinnell33@wiley.com', '1807578005', 'Roomm'),
       (113, 'Cornie', 'Kirvell', 'ckirvell34@nymag.com', '3789207635', 'Centidel'),
       (114, 'Mateo', 'Stive', 'mstive35@cdc.gov', '6612896447', 'Ailane'),
       (115, 'Krishna', 'Normanvill', 'knormanvill36@oracle.com', '9683173403', 'Topdrive'),
       (116, 'Bart', 'Dobrowolski', 'bdobrowolski37@infoseek.co.jp', '3961116328', 'Demimbu'),
       (117, 'Elene', 'Dwane', 'edwane38@macromedia.com', '8287814913', 'Buzzdog'),
       (118, 'Erick', 'Dearn', 'edearn39@chicagotribune.com', '7084516517', 'Twitterworks'),
       (119, 'Delmor', 'Itzkovici', 'ditzkovici3a@illinois.edu', '3688210722', 'Bubbletube'),
       (120, 'Kathy', 'Tweede', 'ktweede3b@google.ru', '8335794826', 'Teklist'),
       (121, 'Nedda', 'Bamsey', 'nbamsey3c@cloudflare.com', '9919923059', 'Voonte'),
       (122, 'Darbee', 'Helian', 'dhelian3d@admin.ch', '8098568886', 'Tambee'),
       (123, 'Jaquith', 'Meacher', 'jmeacher3e@miitbeian.gov.cn', '2993707255', 'Kwimbee'),
       (124, 'Currey', 'Backen', 'cbacken3f@cbsnews.com', '5475772806', 'Jetwire'),
       (125, 'Lena', 'Penson', 'lpenson3g@gravatar.com', '2855136392', 'Yombu'),
       (126, 'Sanderson', 'Hakonsson', 'shakonsson3h@wufoo.com', '9424116087', 'Jamia'),
       (127, 'Rab', 'Waterson', 'rwaterson3i@sina.com.cn', '1671843446', 'Rhycero'),
       (128, 'Delly', 'Djorvic', 'ddjorvic3j@youku.com', '8711045579', 'Mynte'),
       (129, 'Mira', 'Gilleson', 'mgilleson3k@google.nl', '2342973516', 'Riffpedia'),
       (130, 'Steffane', 'Ryves', 'sryves3l@wufoo.com', '3009639425', 'Twitterwire'),
       (131, 'Findlay', 'Goring', 'fgoring3m@live.com', '7571131304', 'Nlounge'),
       (132, 'Charlotta', 'Erricker', 'cerricker3n@blogs.com', '6785920830', 'Buzzbean'),
       (133, 'Corette', 'Waadenburg', 'cwaadenburg3o@csmonitor.com', '8608488064', 'Meezzy'),
       (134, 'Darbie', 'Sprigin', 'dsprigin3p@diigo.com', '1168335079', 'Meetz'),
       (135, 'Alla', 'Petran', 'apetran3q@angelfire.com', '2773019571', 'Zazio'),
       (136, 'Lonny', 'Seal', 'lseal3r@slideshare.net', '4424036678', 'Skimia'),
       (137, 'Cloe', 'Danelet', 'cdanelet3s@cornell.edu', '1911717184', 'Voolia'),
       (138, 'Lon', 'Latour', 'llatour3t@prweb.com', '2199636651', 'Demizz'),
       (139, 'Elias', 'Shelmardine', 'eshelmardine3u@theguardian.com', '3358024046', 'Kamba'),
       (140, 'Bryce', 'McNirlan', 'bmcnirlan3v@blinklist.com', '9204097099', 'Tagchat'),
       (141, 'Urbano', 'Freddi', 'ufreddi3w@xinhuanet.com', '4915207966', 'Jayo'),
       (142, 'Walton', 'Fyall', 'wfyall3x@bravesites.com', '9797287226', 'Skipstorm'),
       (143, 'Ericka', 'Razoux', 'erazoux3y@cafepress.com', '1879180540', 'Shuffletag'),
       (144, 'Delinda', 'Sproul', 'dsproul3z@mtv.com', '9197821345', 'Muxo'),
       (145, 'Carroll', 'Heiner', 'cheiner40@blogger.com', '6487262779', 'Jaxspan'),
       (146, 'Shirline', 'Saing', 'ssaing41@theatlantic.com', '2597426993', 'Nlounge'),
       (147, 'Homere', 'Shropsheir', 'hshropsheir42@elpais.com', '4816441596', 'Topicshots'),
       (148, 'Eugenius', 'Busek', 'ebusek43@fotki.com', '3016575731', 'Dynava'),
       (149, 'Lila', 'Snoddin', 'lsnoddin44@squarespace.com', '6356441256', 'Yotz'),
       (150, 'Margareta', 'Farquharson', 'mfarquharson45@nyu.edu', '4608169345', 'Dabtype');

INSERT INTO tech (id, first_name, last_name, email, telephone)
VALUES (1, 'Thaine', 'Sterrick', 'tsterrick0@weebly.com', '3963821512'),
       (2, 'Delly', 'Gillham', 'dgillham1@diigo.com', '7128278008'),
       (3, 'Floris', 'Jacox', 'fjacox2@purevolume.com', '3972513390'),
       (4, 'Catlin', 'Agron', 'cagron3@smh.com.au', '3131827194'),
       (5, 'Iris', 'Chopin', 'ichopin4@yandex.ru', '3062906001'),
       (6, 'Giraud', 'Portinari', 'gportinari5@craigslist.org', '4719306111'),
       (7, 'Wilmer', 'Towlson', 'wtowlson6@pinterest.com', '5322692945'),
       (8, 'Rollins', 'Murby', 'rmurby7@bloomberg.com', '6916535076'),
       (9, 'Jerrylee', 'McClaughlin', 'jmcclaughlin8@admin.ch', '2458100743'),
       (10, 'Klaus', 'Lithcow', 'klithcow9@npr.org', '9294683381'),
       (11, 'Elfrieda', 'Middell', 'emiddella@ehow.com', '9521245165'),
       (12, 'Richart', 'Sloane', 'rsloaneb@usa.gov', '3378286859'),
       (13, 'Malorie', 'Durrington', 'mdurringtonc@blinklist.com', '6982368439'),
       (14, 'Colman', 'Bumfrey', 'cbumfreyd@bloomberg.com', '1482912105'),
       (15, 'Morganica', 'Batt', 'mbatte@squidoo.com', '7667837566'),
       (16, 'Jere', 'Videneev', 'jvideneevf@mtv.com', '3751184303'),
       (17, 'Stacy', 'Walles', 'swallesg@people.com.cn', '3439920274'),
       (18, 'Cherilynn', 'Crick', 'ccrickh@spotify.com', '5785083079'),
       (19, 'Murielle', 'McVicker', 'mmcvickeri@google.com.br', '5838654129'),
       (20, 'Min', 'Sier', 'msierj@xing.com', '3267164401');


-- Insérer les états du matériel
INSERT INTO etat (id, name)
VALUES (1, 'neuf'),
       (2, 'occasion'),
       (3, 'bon état'),
       (4, 'reconditionné'),
       (5, 'très bon état');

-- Insérer les étiquettes du matériel
INSERT INTO label (id, name, color)
VALUES (1, 'Promotion', '#77FF77'),
       (2, 'Matériel haut de gamme', 'yellow'),
       (3, 'Reconditionné premium', 'grey'),
       (4, 'Location longue durée', 'darkred'),
       (5, 'Soldes', 'red');

-- Insérer du matériel avec des états appropriés
INSERT INTO product (id, name, code, description, price, etat_id, creator_id)
VALUES (1, 'MacBook Pro M2', 'mbp-m2', 'Ordinateur portable Apple 16 pouces', 2499, 1, 1),
       (2, 'Dell XPS 15', 'dellxps15', 'Ultrabook performant pour professionnels', 1899, 1, 1),
       (3, 'ThinkPad X1 Carbon', 'thinkpadx1', 'PC portable léger et puissant', 1599, 2, 1),
       (4, 'iPad Pro 12.9', 'ipadpro12', 'Tablette haut de gamme pour créatifs', 1399, 1, 2),
       (5, 'Surface Laptop Studio', 'surface-studio', 'PC hybride Microsoft', 1699, 2, 2),
       (6, 'HP Spectre x360', 'hpspectre', 'Ultrabook tactile polyvalent', 1499, 3, 2),
       (7, 'Mac Mini M2', 'macmini-m2', 'Mini PC performant Apple', 799, 1, 3),
       (8, 'ASUS ROG Zephyrus', 'asusrog', 'PC gamer puissant', 2299, 2, 3);

-- Associer du matériel aux étiquettes
INSERT INTO product_label (product_id, label_id)
VALUES (1, 1), -- MacBook Pro M2 en promotion
       (2, 2), -- Dell XPS 15 haut de gamme
       (3, 3), -- ThinkPad X1 Carbon reconditionné premium
       (4, 4), -- iPad Pro pour location longue durée
       (5, 5), -- Surface Laptop Studio en soldes
       (6, 3), -- HP Spectre x360 reconditionné premium
       (7, 1), -- Mac Mini en promotion
       (8, 2); -- ASUS ROG Zephyrus haut de gamme